"Volt","Freq","Zreal","Zimag","Zreal_pred","Zimag_pred"
3.177,10080,0.01258,-0.00491,0.0238302408459545,0.164921289640541
3.177,5016,0.01254,-0.001863,0.023839655088655,0.165827249435006
3.177,3984,0.01261,-0.001153,0.0238703541730448,0.166020520965597
3.177,2528,0.01288,-3.994e-05,0.0240596282011866,0.166462231763579
3.177,1976,0.01308,0.0004473,0.0242015145876352,0.166574758511543
3.177,1578,0.01331,0.0008298,0.0244162128116154,0.166699670688166
3.177,1266,0.01355,0.001153,0.024599530986314,0.166796823274129
3.177,998.3,0.01385,0.001464,0.0247712083069362,0.166907733603622
3.177,796.9,0.01416,0.001721,0.0250537086829511,0.166978201948027
3.177,505.5,0.01488,0.002152,0.0256602690553896,0.167110337166324
3.177,315.5,0.0157,0.002464,0.0263594452888797,0.167215831144094
3.177,252.4,0.01611,0.002569,0.0266755884590191,0.167242019742185
3.177,198.6,0.01655,0.002659,0.0270566406472043,0.167251888963873
3.177,158.4,0.01696,0.002727,0.027388874210021,0.167275612277266
3.177,125.6,0.01738,0.00279,0.0276129443968671,0.167302827403739
3.177,100.4,0.01778,0.002848,0.0281328542235176,0.167331250923857
3.177,63.34,0.01859,0.002978,0.0287469267401878,0.167408414334867
3.177,50.22,0.01899,0.003058,0.0289366705762217,0.167454119096565
3.177,38.42,0.01943,0.003176,0.029421906710227,0.167478028316673
3.177,31.25,0.01977,0.003296,0.0296370629905415,0.167552043437881
3.177,24.93,0.02011,0.003455,0.0299139476842897,0.167640826018568
3.177,15.63,0.02095,0.004049,0.0306717094529789,0.167943829715054
3.177,12.4,0.02127,0.004471,0.0308155833139921,0.168215580876196
3.177,9.931,0.02163,0.005007,0.0310688644601627,0.168479447167758
3.177,6.317,0.02245,0.006536,0.0319061914299744,0.169320351736381
3.177,5.008,0.02296,0.007606,0.0321104790756784,0.169774137902953
3.177,3.946,0.02365,0.008964,0.0331141187159227,0.170036735179113
3.177,2.504,0.02552,0.01235,0.0346483281754022,0.171276054003438
3.177,1.998,0.02681,0.0145,0.0361884139086557,0.172079542824974
3.177,1.585,0.0285,0.01703,0.0376080085736085,0.172971652569183
3.177,1.267,0.03059,0.01979,0.0393032495260543,0.173935861787148
3.177,0.999,0.03339,0.02301,0.0412024279252016,0.174947962191435
3.177,0.7923,0.03684,0.02638,0.0444921803442853,0.175968064667361
3.177,0.6334,0.0409,0.02971,0.0469752028847191,0.176951834504887
3.177,0.504,0.04586,0.03304,0.0510563856504269,0.177850006424581
3.177,0.3167,0.05821,0.03869,0.0608663952556048,0.179230242538754
3.177,0.252,0.06514,0.04061,0.0654953272773056,0.179653988605078
3.177,0.2003,0.07234,0.0418,0.071401841644008,0.179889605158885
3.177,0.1589,0.07948,0.04221,0.0772861911816926,0.17995782484033
3.177,0.126,0.08663,0.04219,0.0828094277031464,0.179896111893904
3.177,0.1002,0.09336,0.04175,0.0884103306695123,0.179752276676923
3.177,0.07945,0.09978,0.0411,0.0932317974673108,0.179573887059684
3.177,0.06317,0.1052,0.04007,0.0976268287288486,0.179416957543657
3.177,0.05013,0.1104,0.03928,0.101600405534969,0.179348697447709
3.177,0.03983,0.1153,0.03879,0.105698588346532,0.179423060133645
3.177,0.02512,0.1239,0.03901,0.112379025251074,0.180164625853337
3.177,0.01259,0.1363,0.04404,0.123149681592197,0.183391966422949
3.177,0.01,0.1405,0.04718,0.125471668963453,0.184899871952812
3.177,0.005012,0.1538,0.06226,0.135386358567041,0.190406913820393
3.177,0.003981,0.1583,0.0699,0.139697614673386,0.193853705142521
3.177,0.003162,0.1626,0.07944,0.142214685800791,0.198189130561582
3.177,0.002512,0.1665,0.09136,0.144898264273525,0.203899861525421
3.177,0.001995,0.1702,0.1064,0.147912482823762,0.212486407709813
3.177,0.001585,0.174,0.1256,0.151780043917119,0.22557933266191
3.177,0.001259,0.1779,0.1497,0.155021292193269,0.243009218784191
3.177,0.001,0.183,0.1805,0.159244574236287,0.268944013794347
3.177,0.0007943,0.1883,0.2191,0.161571285241714,0.296089833244149
3.177,0.0002519,0.2382,0.6242,0.205975049411424,0.458660863682547
3.177,0.0001998,0.251,0.7767,0.20837993923784,0.462623101578819
3.177,0.0001583,0.2465,0.9619,0.210632604813099,0.476771426270082
3.177,0.0001259,0.2696,1.199,0.216345432324667,0.492033201329065
3.177,6.308e-05,0.3444,2.332,0.232631704992027,0.494842299936841
3.177,5.009e-05,0.3954,2.921,0.242720806879148,0.534964614005427
3.177,3.162e-05,0.5085,4.571,0.322359011492501,0.869317413396107
3.177,2.512e-05,0.5258,5.739,0.304213313987655,0.861692226252354
3.177,1.995e-05,0.6174,7.18,0.404365956969997,1.22092823527925
3.177,1.585e-05,0.7392,8.987,0.511828659731945,1.87256678934829
3.177,1.259e-05,0.6403,11.04,0.411757942999681,1.8883409972053
3.177,9.999e-06,0.8774,14.13,0.43812486973286,1.98824564917984
3.387,8016,0.01233,-0.003668,0.0236864953209652,0.165166617799473
3.387,6328,0.0123,-0.002631,0.0236875796039405,0.16554128853453
3.387,5016,0.01234,-0.001781,0.0237134640208429,0.165779844839302
3.387,3171,0.01255,-0.0004566,0.0238318351789963,0.166213987698239
3.387,1976,0.01293,0.0005575,0.0241435515180715,0.166565753432763
3.387,1578,0.01316,0.0009599,0.0243452878575652,0.166702665645342
3.387,1266,0.01342,0.001303,0.0245093249063129,0.166847921755427
3.387,796.9,0.01407,0.001922,0.0250187153063416,0.167105103488156
3.387,627.8,0.01446,0.002195,0.025327195032134,0.167173270630747
3.387,505.5,0.01484,0.002412,0.0256502143964099,0.167199305653725
3.387,398,0.01529,0.00262,0.0258672571668638,0.167256960984028
3.387,315.5,0.01576,0.002793,0.026342994881437,0.167305708957819
3.387,252.4,0.01623,0.002932,0.026656196228483,0.167342166881179
3.387,198.6,0.01674,0.003049,0.0270375705284328,0.167378184286454
3.387,158.4,0.01723,0.003135,0.0273807802101479,0.16740820417945
3.387,79,0.01871,0.003296,0.0285557315831433,0.167500490697566
3.387,63.34,0.01916,0.003335,0.0288481703948252,0.167505065619332
3.387,38.42,0.02011,0.003465,0.0296756067545794,0.167619374000256
3.387,31.25,0.02048,0.003562,0.029962059804833,0.167690669225397
3.387,24.93,0.02087,0.003713,0.0302507628629565,0.167715798963503
3.387,19.86,0.02136,0.003954,0.0306031013328188,0.167851397704726
3.387,12.4,0.02218,0.004717,0.0312945825334442,0.168244554033559
3.387,9.931,0.02263,0.005239,0.0315038398462186,0.168498793590453
3.387,7.945,0.02321,0.005889,0.0319400165032258,0.168813121430743
3.387,3.946,0.02598,0.008606,0.0342093178954922,0.169772994172511
3.387,3.159,0.02735,0.009583,0.0351530617831591,0.169796361838276
3.387,1.998,0.03102,0.01131,0.0379816576663116,0.17001113259132
3.387,1.585,0.03324,0.01187,0.0394104174984411,0.170072510097369
3.387,1.267,0.03551,0.01211,0.0408535389387861,0.170042692276889
3.387,0.7923,0.04015,0.01161,0.045131740590901,0.169753081946772
3.387,0.6334,0.04211,0.011,0.0468791164114773,0.169576446318972
3.387,0.504,0.04385,0.01026,0.0489994782421547,0.169488067883318
3.387,0.4006,0.04535,0.009464,0.0501621238290563,0.169268083659358
3.387,0.3167,0.04664,0.008686,0.0512774395266214,0.169065481713236
3.387,0.252,0.04772,0.008022,0.0521025131426911,0.16889540131786
3.387,0.2003,0.04862,0.007467,0.0526507876690252,0.168784633247419
3.387,0.1589,0.04943,0.007043,0.0532750509396083,0.168701314707568
3.387,0.126,0.05018,0.006768,0.0535956103816763,0.168679135228198
3.387,0.06317,0.05219,0.006839,0.055418371298437,0.169035502234743
3.387,0.05013,0.0529,0.007172,0.0559876371011135,0.169066184925593
3.387,0.03983,0.0537,0.007664,0.0565499587774969,0.169370983026022
3.387,0.03163,0.05458,0.008318,0.0570409261108411,0.169715367132361
3.387,0.01996,0.05675,0.01012,0.0592533808518589,0.170760526600288
3.387,0.01259,0.05954,0.01261,0.0616373228902931,0.171478215431475
3.387,0.01,0.06117,0.01409,0.062466708321161,0.172080795674574
3.387,0.005012,0.06681,0.01958,0.066801404526867,0.173939943651974
3.387,0.003981,0.06884,0.02189,0.0685886812101572,0.175105417096004
3.387,0.003162,0.07084,0.02454,0.0690624580254847,0.176486623158254
3.387,0.001995,0.0753,0.03146,0.0734776960197427,0.180400404065158
3.387,0.001259,0.0799,0.0417,0.0773744558384861,0.18343407833531
3.387,0.001,0.08237,0.0488,0.079406086968192,0.186618256215476
3.387,0.0007943,0.08522,0.05774,0.0813302080128846,0.190778606006562
3.387,0.0006275,0.08832,0.06925,0.0832913214306068,0.196327113154452
3.387,0.0005037,0.09156,0.08264,0.0861273244293146,0.203622092644749
3.387,0.0003974,0.09541,0.1005,0.0902834045057944,0.210678464908
3.387,0.0003165,0.09904,0.1219,0.0921421025735215,0.218182387379974
3.387,0.0002519,0.1018,0.1486,0.0939048590018408,0.224639170073365
3.387,9.99e-05,0.1305,0.3496,0.110850961002889,0.235943914915727
3.65,10080,0.01208,-0.005083,0.0234949493493546,0.164821324366811
3.65,8016,0.01202,-0.003909,0.0234286274544889,0.165197793547262
3.65,6328,0.01197,-0.002878,0.0234018316982722,0.165508629574473
3.65,5016,0.01198,-0.002036,0.0234175324686663,0.165748804884244
3.65,3984,0.01203,-0.001333,0.0234693642232332,0.165989976007375
3.65,3171,0.01213,-0.0007413,0.0235564537278052,0.166170434038889
3.65,2528,0.01225,-0.0002394,0.0236850340191664,0.166322310691235
3.65,1976,0.01243,0.0002345,0.0238773606401237,0.166495154468684
3.65,998.3,0.01311,0.001202,0.0244157541590326,0.166923949518896
3.65,796.9,0.01339,0.001441,0.0246680176409598,0.166932961953115
3.65,627.8,0.01371,0.001662,0.0249640513952749,0.16694091552735
3.65,398,0.0144,0.001965,0.0255635977869389,0.167041786085952
3.65,252.4,0.01512,0.002141,0.0261235332455157,0.167075297792027
3.65,198.6,0.0155,0.002195,0.0263937862252189,0.167086630018731
3.65,158.4,0.01585,0.002224,0.026672613527032,0.167089887427691
3.65,125.6,0.01622,0.002242,0.0269516659779883,0.167094167323583
3.65,100.4,0.01656,0.002253,0.027312418516117,0.167095222142117
3.65,79,0.01693,0.002255,0.0274982262594357,0.167093427738174
3.65,50.22,0.01762,0.00224,0.0280278120493423,0.167077977273591
3.65,31.25,0.01835,0.002188,0.0286868781562508,0.16703875095676
3.65,19.86,0.01905,0.00207,0.0292735759377427,0.16697323904703
3.65,9.931,0.02,0.001702,0.0299896544364293,0.166830438037187
3.65,7.945,0.02023,0.001556,0.0303235400672489,0.166819065395979
3.65,5.008,0.02062,0.001272,0.0305671568092446,0.166727610608339
3.65,3.159,0.02089,0.00105,0.0308409725197095,0.166691554000996
3.65,2.504,0.021,0.0009549,0.0311043014627595,0.166674922624628
3.65,0.999,0.02133,0.0008329,0.0310653430484693,0.166674028251672
3.65,0.7923,0.02141,0.0008525,0.031022157911689,0.1666997541037
3.65,0.4006,0.02166,0.00104,0.0311691572803506,0.166797435149707
3.65,0.252,0.02187,0.00129,0.03136716268638,0.16695870195022
3.65,0.1002,0.02256,0.002165,0.0318729026881481,0.167206483269498
3.65,0.07945,0.02279,0.002494,0.032095936207414,0.167333877866567
3.65,0.06317,0.02298,0.002872,0.0322610305165031,0.16748086945625
3.65,0.05013,0.02328,0.003313,0.03252012427135,0.167649325188597
3.65,0.03983,0.02364,0.003819,0.0328862504923717,0.167840865685186
3.65,0.02512,0.02456,0.005055,0.0336749417151927,0.168297796100109
3.65,0.01996,0.02515,0.005799,0.0342719015307119,0.168563889230799
3.65,0.01585,0.02586,0.006623,0.0347976260519539,0.168859897176776
3.65,0.01259,0.02669,0.007529,0.035603668114724,0.169191114237965
3.65,0.01,0.02767,0.0085,0.0365826528792459,0.169558518445341
3.65,0.007944,0.02878,0.009524,0.0374602940084299,0.169955918297013
3.65,0.00631,0.03,0.01061,0.038427897328178,0.170529614294656
3.65,0.005012,0.03133,0.01176,0.0399442685497374,0.171238258360021
3.65,0.003162,0.0342,0.01435,0.0430965240403045,0.173412574799378
3.65,0.002512,0.03574,0.01586,0.0435967321183415,0.17502907409941
3.65,0.001995,0.0373,0.01758,0.0455869141852534,0.175042976688519
3.65,0.0007943,0.04358,0.02822,0.0501853612248635,0.183510461746407
3.65,0.0006275,0.04525,0.03283,0.0507761464838986,0.183628714582846
3.65,0.0005037,0.04688,0.03824,0.0521963614690697,0.1841906378357
3.65,0.0003165,0.05076,0.0547,0.0560104916718605,0.194588890859971
3.65,0.0002519,0.05185,0.06585,0.0567822335567547,0.200386720567529
3.65,0.0001998,0.05356,0.08018,0.058316907909485,0.204118356967905
3.65,0.0001583,0.05742,0.09933,0.0619641376924249,0.213372561724122
3.65,0.0001259,0.06139,0.1231,0.0637877061107309,0.22521415071039
3.65,7.948e-05,0.0699,0.1905,0.0728174332065571,0.241406575849736
3.65,6.308e-05,0.07463,0.2377,0.0748853938045031,0.249689915803245
3.65,5.009e-05,0.08073,0.2976,0.0776219721302802,0.255752583580198
3.65,3.983e-05,0.08909,0.3735,0.081318176748444,0.259514892758767
3.65,2.512e-05,0.1136,0.5909,0.0985123640415612,0.291670323030698
3.65,1.995e-05,0.1289,0.7448,0.113008603129843,0.342058087843897
3.65,1.585e-05,0.1473,0.9327,0.118502649778922,0.391610784244738
3.65,1.259e-05,0.1617,1.169,0.125509212209056,0.413240310374262
3.65,9.999e-06,0.2005,1.493,0.15428223989861,0.389770291140147
3.879,10080,0.01209,-0.004955,0.0234965414459275,0.164826772241846
3.879,8016,0.01202,-0.003778,0.0234317657936703,0.165169640804314
3.879,6328,0.01199,-0.002754,0.0234118405328089,0.165502777554406
3.879,5016,0.01201,-0.001909,0.0234293817385381,0.165761632447568
3.879,3984,0.01208,-0.001202,0.023477144408938,0.165975093770707
3.879,3171,0.01218,-0.0006031,0.0235697719233575,0.166192745673685
3.879,2528,0.01232,-9.162e-05,0.0236875101182831,0.166372013336422
3.879,1976,0.01252,0.0003884,0.0238518245554314,0.166541327796133
3.879,1578,0.01273,0.0007751,0.0240788694413977,0.166670502328752
3.879,1266,0.01297,0.001105,0.0242290445610306,0.166795710662855
3.879,998.3,0.01326,0.001421,0.0244233869867315,0.166890274942373
3.879,796.9,0.01356,0.001682,0.0246840666983778,0.166968643918014
3.879,627.8,0.01392,0.001925,0.0249666284184841,0.167036414998473
3.879,505.5,0.01427,0.002122,0.0252738757659028,0.167093577271836
3.879,398,0.01468,0.002302,0.0255461386642624,0.167141036022974
3.879,315.5,0.0151,0.002443,0.0260166963991794,0.16718370161403
3.879,252.4,0.01552,0.002549,0.026197075535525,0.167208075600925
3.879,198.6,0.01597,0.002631,0.0265828901775938,0.167227139122097
3.879,158.4,0.0164,0.002684,0.0269141633795118,0.16724320792858
3.879,125.6,0.01684,0.002719,0.0271993239030793,0.167253727823769
3.879,31.25,0.01937,0.002779,0.029304516913911,0.167246364301282
3.879,24.93,0.01979,0.002787,0.0295885559662445,0.167246493627692
3.879,19.86,0.02024,0.002787,0.0299360186848766,0.167243802021777
3.879,15.63,0.02073,0.002758,0.0304581071616852,0.167220220159145
3.879,12.4,0.02119,0.00269,0.0306911833811461,0.167186502339103
3.879,9.931,0.02162,0.002585,0.0309114984389944,0.167148815814845
3.879,6.317,0.0224,0.002283,0.0315810696005402,0.167047617898767
3.879,3.159,0.02323,0.001804,0.0322123715708581,0.166916024234813
3.879,2.504,0.02343,0.001682,0.032447252464409,0.166903916049647
3.879,1.998,0.02361,0.001596,0.0327274818908186,0.166885895222659
3.879,1.585,0.02378,0.001542,0.0327708134853145,0.166878107347887
3.879,1.267,0.02393,0.00152,0.03298491316675,0.166880948487464
3.879,0.999,0.02409,0.001528,0.0329801378865368,0.166894511594746
3.879,0.7923,0.02424,0.00157,0.0331293544072581,0.166919047239655
3.879,0.504,0.02456,0.001751,0.0334016857316053,0.16700329935453
3.879,0.4006,0.02474,0.001891,0.0335382867347806,0.167064591990122
3.879,0.3167,0.02494,0.002077,0.0337187294847047,0.167140276230314
3.879,0.252,0.02515,0.0023,0.033875216486077,0.167231758499816
3.879,0.2003,0.02538,0.002569,0.034065686634254,0.167340990819135
3.879,0.1589,0.02565,0.002891,0.0342682413621828,0.167470292980756
3.879,0.126,0.02597,0.003272,0.034521291234914,0.167622485917004
3.879,0.1002,0.02634,0.00372,0.0348179233685467,0.167800992736303
3.879,0.07945,0.02679,0.004251,0.0351604020268844,0.168009458826843
3.879,0.06317,0.02706,0.004859,0.0354104260007369,0.168252164084516
3.879,0.03983,0.02807,0.006415,0.0361709138868067,0.168888866292689
3.879,0.03163,0.02871,0.007382,0.0366241701545904,0.169300564795601
3.879,0.01996,0.03031,0.009795,0.0377446223180098,0.170360192655682
3.879,0.01585,0.03136,0.01128,0.0381539504582753,0.171074470502797
3.879,0.01,0.03409,0.01474,0.0408828704553693,0.172892399728357
3.879,0.007944,0.03585,0.01667,0.042236769649071,0.173973689762167
3.879,0.00631,0.03791,0.01871,0.0436289944145986,0.174076746745393
3.879,0.003162,0.04546,0.02545,0.0506101509000568,0.178177283071705
3.879,0.002512,0.04825,0.02796,0.05151497385257,0.178197571152324
3.879,0.001585,0.05395,0.03383,0.0583033248946761,0.180192309788047
3.879,0.001259,0.05697,0.03745,0.0606579099275942,0.181945733425008
3.879,0.001,0.06025,0.04177,0.0628125499725982,0.182531501234765
3.879,0.0007943,0.0637,0.04691,0.0651177574310671,0.185014204582438
3.879,0.0006275,0.06733,0.0531,0.0680257248716437,0.187836955560255
3.879,0.0005037,0.07103,0.06017,0.0708801896169087,0.192122392089305
3.879,0.0003974,0.07541,0.06955,0.0751078820486025,0.197410031319834
3.879,0.0002519,0.08327,0.09352,0.0815926754874344,0.212752899034388
3.879,0.0001998,0.08656,0.1097,0.0834480153697686,0.217867083067551
3.879,0.0001583,0.09227,0.1317,0.0873284461653535,0.225019179977325
3.879,0.0001259,0.09951,0.1595,0.088227292095871,0.235033362727996
3.879,7.948e-05,0.113,0.2368,0.0970441134949929,0.251597135273388
3.879,6.308e-05,0.1174,0.2898,0.098525776499058,0.257567673766848
3.879,5.009e-05,0.1249,0.3587,0.102614951446322,0.268407821181086
3.879,3.983e-05,0.1337,0.4449,0.103590771936163,0.275872718644867
3.879,3.162e-05,0.1417,0.5546,0.111505272139172,0.303940552630481
3.879,1.995e-05,0.1718,0.8691,0.135547353172123,0.358563582755577
4.187,10080,0.01223,-0.004837,0.0235628881689476,0.16485863907764
4.187,5016,0.01222,-0.001768,0.023536614499516,0.165790983884681
4.187,3984,0.0123,-0.001051,0.0236011183001384,0.165993039830864
4.187,1578,0.01305,0.0009889,0.0241494423355325,0.166665090584284
4.187,998.3,0.01363,0.001677,0.024563147148745,0.166895182071355
4.187,796.9,0.01397,0.001968,0.0248200167537218,0.166970389824553
4.187,398,0.01522,0.002691,0.0257269116714036,0.16718044016362
4.187,315.5,0.0157,0.00287,0.0262475112969895,0.167222511661478
4.187,252.4,0.01619,0.003009,0.0265096776743694,0.167258326994237
4.187,198.6,0.01672,0.003122,0.026938387796144,0.167285008649266
4.187,158.4,0.01723,0.003197,0.0273537854714222,0.167315271029282
4.187,125.6,0.01775,0.003246,0.0276779550834081,0.167334750819837
4.187,100.4,0.01824,0.003272,0.0282972209592072,0.167357819418278
4.187,79,0.01874,0.003289,0.0285037969643633,0.167369976100849
4.187,50.22,0.01962,0.003325,0.0291966266928298,0.167425687493546
4.187,38.42,0.02007,0.003393,0.0296357550076056,0.167499262096668
4.187,31.25,0.0204,0.003485,0.0298402889730796,0.167641274619554
4.187,24.93,0.02074,0.003658,0.0300820199788883,0.167858639983705
4.187,15.63,0.02151,0.004339,0.0307963682574875,0.168323657340723
4.187,12.4,0.0219,0.004869,0.0310076833380093,0.168601256480481
4.187,7.945,0.02291,0.006318,0.0318852914888366,0.169024788349938
4.187,6.317,0.02369,0.007288,0.0324195210316298,0.16930718469123
4.187,3.946,0.02612,0.009614,0.0339830821561834,0.169791762667809
4.187,3.159,0.02777,0.01072,0.0355980663898271,0.170007446788626
4.187,2.504,0.02987,0.01171,0.0366581888107846,0.170191894539899
4.187,1.585,0.03479,0.01269,0.0406922377080936,0.170264814428069
4.187,1.267,0.0373,0.01255,0.0431023323889792,0.170148113508554
4.187,0.999,0.03979,0.01199,0.0444123722290964,0.169948134463691
4.187,0.6334,0.04362,0.01017,0.0480985380114217,0.169415095456293
4.187,0.504,0.04503,0.009173,0.049252698476218,0.169142657248597
4.187,0.4006,0.04615,0.008242,0.0501185856861192,0.168897498830578
4.187,0.3167,0.04707,0.007424,0.051216232991342,0.168693846107372
4.187,0.252,0.04779,0.006794,0.0516670189952572,0.168541127782582
4.187,0.1589,0.04891,0.006033,0.0526190093572835,0.168405145103577
4.187,0.126,0.04945,0.005919,0.0531160837423023,0.168430307173286
4.187,0.1002,0.04996,0.005977,0.0535278015099075,0.168520083950752
4.187,0.07945,0.05053,0.006201,0.05391965256701,0.168659889841762
4.187,0.06317,0.05086,0.006573,0.0541659765689615,0.168890296966103
4.187,0.05013,0.05141,0.007123,0.0544458500950678,0.16919769371909
4.187,0.03163,0.05278,0.008714,0.0560576741804711,0.170115256517431
4.187,0.02512,0.05364,0.00977,0.0563408870857028,0.170653040187508
4.187,0.01585,0.05584,0.01246,0.0574789112472035,0.171481529420739
4.187,0.01,0.0588,0.016,0.0607264508097418,0.173324107451817
4.187,0.007944,0.06063,0.01809,0.0612237111623073,0.174534400579924
4.187,0.00631,0.06267,0.02042,0.0622709337861556,0.174742696929551
4.187,0.003981,0.06726,0.02599,0.0668086894418384,0.178184800169305
4.187,0.003162,0.0696,0.02945,0.068879568906616,0.180231067296641
4.187,0.002512,0.07212,0.0336,0.0697399609397225,0.180658571911765
4.187,0.001995,0.0748,0.0387,0.0715882130844504,0.183454568488446
4.187,0.001,0.08394,0.06249,0.0788773488435915,0.196285162900104
4.187,0.0007943,0.08754,0.07457,0.0831098972429161,0.197997767888807
4.187,0.0006275,0.09167,0.0901,0.0860520343646193,0.204726742261424
4.187,0.0003974,0.1005,0.1323,0.0919544316100976,0.221430880136696
4.187,0.0003165,0.1066,0.1619,0.0962695710979503,0.230727447566164
4.187,0.0002519,0.1113,0.1983,0.0994812594322264,0.239529991958679
4.187,0.0001998,0.111,0.2428,0.100468880820827,0.253329246974922
4.187,0.0001583,0.1148,0.3006,0.101475018045069,0.266657249631147
4.187,6.308e-05,0.1344,0.7204,0.1111238374232,0.315579625495932
4.187,5.009e-05,0.1409,0.9014,0.112821554310212,0.29759603760766
4.187,3.162e-05,0.1586,1.413,0.131334641909532,0.43504732190203
4.187,2.512e-05,0.1788,1.784,0.139019742410394,0.486765584620341
4.187,1.995e-05,0.197,2.251,0.145685393402088,0.476464104807982
4.193,10080,0.0121,-0.005162,0.0235201425205877,0.16485601213493
4.193,6328,0.01198,-0.002911,0.0234221303416855,0.165493700456981
4.193,5016,0.01199,-0.002043,0.0234428982225061,0.165785485087372
4.193,3984,0.01205,-0.001321,0.023494030832339,0.165986447417098
4.193,1578,0.01268,0.0006842,0.0240351436984861,0.166654264347159
4.193,1266,0.01292,0.001012,0.0242180385380234,0.166780883389911
4.193,796.9,0.01349,0.001574,0.0246867050884552,0.166956333660331
4.193,627.8,0.01384,0.001806,0.0249660128734228,0.167021987020822
4.193,505.5,0.01418,0.001987,0.0252718203349511,0.167094268359841
4.193,398,0.01457,0.002145,0.0255401360456378,0.167160127834298
4.193,315.5,0.01496,0.002265,0.0259508684742496,0.167199228866169
4.193,252.4,0.01534,0.002352,0.0261741371223097,0.167233459950402
4.193,198.6,0.01575,0.002417,0.0265464064213645,0.16726200471403
4.193,158.4,0.01613,0.002462,0.0268745429763226,0.167279932587661
4.193,125.6,0.01651,0.002497,0.0271697410265625,0.167304666263635
4.193,79,0.01722,0.00256,0.0277808029688665,0.167315222531878
4.193,63.34,0.01754,0.0026,0.0279714617050731,0.167294611135233
4.193,50.22,0.01785,0.002668,0.0281561776266037,0.167311726677349
4.193,38.42,0.01818,0.002794,0.0284794815667329,0.167375791747863
4.193,31.25,0.01843,0.002946,0.0286609047886514,0.167518172042728
4.193,24.93,0.01869,0.003186,0.0289006862736414,0.167663660212891
4.193,15.63,0.01936,0.003999,0.0296099889457705,0.168087196123798
4.193,12.4,0.01979,0.004588,0.0298057708519981,0.168305765840145
4.193,9.931,0.02022,0.005269,0.0300871551729753,0.168396601477595
4.193,7.945,0.02085,0.006074,0.0307426064945725,0.168668797198273
4.193,5.008,0.02286,0.007993,0.0322333863395212,0.169162557349985
4.193,3.946,0.02437,0.00898,0.0335926160172989,0.169385326133217
4.193,2.504,0.02811,0.0103,0.0366851586894526,0.169538044458007
4.193,1.998,0.03021,0.01049,0.0386132619677693,0.169475996071204
4.193,1.585,0.03236,0.01031,0.0402627611340727,0.169438636904422
4.193,1.267,0.03427,0.009824,0.0419445000652856,0.169266891431513
4.193,0.7923,0.03746,0.008229,0.0443851329278163,0.168773232316059
4.193,0.4006,0.04016,0.006012,0.0458758712932464,0.168188984091623
4.193,0.252,0.04123,0.005127,0.0468002324135066,0.168092340890059
4.193,0.1589,0.04205,0.00482,0.0474168167688191,0.168101175500464
4.193,0.126,0.04248,0.004877,0.0476411975082738,0.168189339739251
4.193,0.07945,0.04343,0.005411,0.0484990219504038,0.168394580752434
4.193,0.06317,0.04379,0.005853,0.0488552444319894,0.168600205703397
4.193,0.05013,0.04434,0.006444,0.0492614779262736,0.168900170229241
4.193,0.03983,0.04497,0.007177,0.0497484462459533,0.169277807388835
4.193,0.02512,0.04657,0.009068,0.0515323387819257,0.170401690267595
4.193,0.01996,0.04757,0.01026,0.052174422915143,0.171086332159494
4.193,0.01259,0.05001,0.01319,0.054200498843223,0.172057638164225
4.193,0.007944,0.05313,0.01688,0.057305913869995,0.174644287614195
4.193,0.005012,0.0568,0.02151,0.0599103658363205,0.176621890500551
4.193,0.003981,0.05862,0.02436,0.0619991163123558,0.179161133738237
4.193,0.002512,0.06277,0.03197,0.0648984484844854,0.183365494923336
4.193,0.001995,0.06488,0.03705,0.0661461870502949,0.188045332738888
4.193,0.001585,0.06711,0.04334,0.0677910461570404,0.188598607288051
4.193,0.001259,0.06936,0.05115,0.0704975347625823,0.194977672891738
4.193,0.001,0.07181,0.06085,0.0732375424234922,0.203299625323509
4.193,0.0003165,0.08881,0.1609,0.0856681997108055,0.242069600836591
4.193,0.0002519,0.09159,0.1977,0.0872508223605968,0.247299237554029
4.193,0.0001998,0.09034,0.2428,0.088128918648596,0.26265636388726
4.193,0.0001583,0.09521,0.3025,0.0913916875970567,0.277171429033199
4.193,0.0001259,0.1022,0.3769,0.0933559908968743,0.289983427013196
4.193,7.948e-05,0.1113,0.5861,0.100586130415279,0.302541729695306
4.193,6.308e-05,0.1138,0.7316,0.102059721372824,0.298639924973583
4.193,3.162e-05,0.1393,1.442,0.125267472472556,0.438951362913657
4.193,2.512e-05,0.1538,1.813,0.131420750698461,0.503896326440224
4.193,1.995e-05,0.1694,2.283,0.141254098952624,0.536903028284792
4.193,1.585e-05,0.1953,2.88,0.139041668690663,0.699235609272588
4.193,1.259e-05,0.2185,3.624,0.146732766145695,0.776562787549925
4.193,9.999e-06,0.241,4.542,0.178413550799651,0.748308219307003
3.177,627.8,0.01452,0.001964,0.025341070535988,0.167050847017575
3.177,19.86,0.02057,0.003714,0.0302823462663809,0.167778291909841
3.177,3.159,0.02447,0.0105,0.0337304447514426,0.17056724828006
3.177,0.4006,0.05161,0.03608,0.0550445088260311,0.178621155560635
3.177,0.03163,0.1197,0.03864,0.109296791121836,0.179671245597955
3.177,0.01996,0.128,0.03997,0.114111252180761,0.18090869727223
3.177,0.007944,0.1448,0.05116,0.128486820981122,0.185458885361434
3.177,0.00631,0.1494,0.05616,0.131754317492294,0.187657595994938
3.177,0.0005037,0.2049,0.3285,0.173638731814783,0.371310336263268
3.177,7.948e-05,0.3114,1.863,0.218746526649419,0.470538222430891
3.387,3984,0.01243,-0.001066,0.0237805563292511,0.166009898013424
3.387,2528,0.01271,6.464e-05,0.024002112362006,0.166416548017422
3.387,100.4,0.0182,0.00325,0.0281630374999466,0.167466291944937
3.387,15.63,0.02179,0.00429,0.031109840960528,0.168034685559757
3.387,2.504,0.02909,0.01052,0.0363159458607392,0.169894455920507
3.387,0.07945,0.05164,0.006672,0.0551948365302548,0.168847825364663
3.387,0.007944,0.06294,0.01574,0.0637971697607838,0.172293375961542
3.387,0.00631,0.06483,0.01755,0.0652131614291153,0.173086510587351
3.387,0.001585,0.07755,0.03602,0.0752770389681863,0.182626839047875
3.387,0.0001583,0.1154,0.2262,0.106383181507045,0.233949055036494
3.387,0.0001259,0.125,0.2813,0.110345866215096,0.235391852801661
3.65,63.34,0.01726,0.002251,0.027802397358631,0.167088076857947
3.65,38.42,0.01803,0.002217,0.0284678553060856,0.167062357068094
3.65,24.93,0.0187,0.00214,0.0289668061080465,0.167011054897699
3.65,12.4,0.01973,0.00184,0.0298213857470677,0.16687338370075
3.65,3.946,0.02077,0.001147,0.03078624997514,0.166699820383486
3.65,1.585,0.02117,0.0008555,0.0313052049001094,0.166660823621033
3.65,0.6334,0.02148,0.0008923,0.0311015109077982,0.166703570041095
3.65,0.504,0.02157,0.0009553,0.0310985443573621,0.166746657155419
3.65,0.1589,0.02214,0.001653,0.0316154740506002,0.16707332960572
3.65,0.126,0.02234,0.001888,0.0317092034086737,0.167169277677829
3.65,0.03163,0.02406,0.004397,0.0332128787391874,0.168056792293021
3.65,9.99e-05,0.06385,0.1524,0.0678169799387723,0.234513143884959
3.879,79,0.0177,0.002751,0.027877996662997,0.167263103988518
3.879,63.34,0.0181,0.002758,0.0281598142029082,0.167262643263181
3.879,7.945,0.02203,0.002447,0.0313585842415871,0.167098612918938
3.879,3.946,0.023,0.001942,0.032075507106,0.166939864750266
3.879,0.6334,0.0244,0.001642,0.0332807258836505,0.166955092935082
3.879,0.05013,0.02753,0.005581,0.0357599482883332,0.168541200528688
3.879,0.02512,0.02945,0.008506,0.0372080011373868,0.169745880082297
3.879,9.99e-05,0.1027,0.1921,0.0920688789875323,0.243215552196955
3.879,2.512e-05,0.154,0.6936,0.125070104516339,0.326673456656616
3.879,9.999e-06,0.2336,1.707,0.170720357749691,0.365400966168553
4.187,3171,0.01243,-0.0004404,0.0236718504801914,0.166185584385372
4.187,1976,0.01281,0.0005815,0.023943877678564,0.166642981426149
4.187,627.8,0.01436,0.002249,0.0250875246240908,0.167038055827304
4.187,63.34,0.01918,0.003299,0.0289020654536267,0.16738227423418
4.187,5.008,0.02472,0.008401,0.0329797183772601,0.169440786955994
4.187,1.998,0.0322,0.0124,0.0386835063902667,0.170280543752725
4.187,0.7923,0.04191,0.01113,0.0463790095113721,0.169693232108944
4.187,0.2003,0.04839,0.006328,0.0522338141913374,0.168443288311722
4.187,0.01996,0.05467,0.01102,0.0571375382320743,0.170774057375968
4.187,0.001259,0.08056,0.05277,0.0765467978119937,0.1916021727533
4.187,0.0005037,0.09571,0.1081,0.08834709789894,0.21266702397521
4.187,7.948e-05,0.1328,0.578,0.109440251123847,0.292826929914659
4.193,8016,0.01203,-0.003968,0.0234413816251418,0.165072880400691
4.193,3171,0.01215,-0.000711,0.0235890048870777,0.166178913567469
4.193,1976,0.01248,0.0002968,0.0238786201950221,0.166632155189025
4.193,998.3,0.0132,0.001321,0.024430000894436,0.166884307740972
4.193,6.317,0.02171,0.007001,0.0314835581383728,0.168905100798635
4.193,0.999,0.03604,0.009071,0.0430102717138136,0.169022541303559
4.193,0.504,0.03945,0.006658,0.0456579863773082,0.168323584594617
4.193,0.1002,0.04294,0.00507,0.0480718459661779,0.168221469269316
4.193,0.01585,0.04872,0.01163,0.0530109204495537,0.171217549968568
4.193,0.0003974,0.08459,0.1313,0.0832654325384109,0.241293642374653
4.193,9.99e-05,0.1017,0.4679,0.0939919588454509,0.29772533703353
4.193,5.009e-05,0.1213,0.9166,0.107580841051065,0.302491357853451
3.177,7.76865270134228e-05,0.164776703296703,0.288850952747253,0.18309476000769,0.457814532081227
3.177,5.97730546710048e-05,0.164776703296703,0.288850952747253,0.148865978395688,0.432574897330403
3.177,6.09840036449411e-05,0.164776703296703,0.288850952747253,0.151237734673423,0.445298587680067
3.177,5.60505255195079e-05,0.164776703296703,0.288850952747253,0.18154068266911,0.442096554290436
3.177,1.21342975550887e-05,0.164776703296703,0.288850952747253,0.234384617342605,1.80144052763473
3.177,2.92448411488933e-05,0.164776703296703,0.288850952747253,0.246574613367009,0.890405701179407
3.177,4.15243831891669e-05,0.164776703296703,0.288850952747253,0.229360688394097,0.799649260753165
3.177,2.14140010589903e-05,0.164776703296703,0.288850952747253,0.164633211397411,0.996373558252828
3.177,1.03143220905239e-05,0.164776703296703,0.288850952747253,0.271301693217215,1.87636901661563
3.177,2.35967678198508e-05,0.164776703296703,0.288850952747253,0.203310800759129,0.864980762080811
3.177,1.13032347904171e-05,0.164776703296703,0.288850952747253,0.169757345314828,1.62763958849358
3.177,2.02737451784313e-05,0.164776703296703,0.288850952747253,0.185931937794399,1.16522776219911
3.177,2.30230325466945e-05,0.164776703296703,0.288850952747253,0.157685484044074,0.820927748830392
3.177,-1.47517243018656e-06,0.164776703296703,0.288850952747253,0.352649498774371,1.66346179941893
3.177,6.22924039515312e-05,0.164776703296703,0.288850952747253,0.157257674361604,0.478327729184583
3.177,8.79016992025453e-05,0.164776703296703,0.288850952747253,0.174474338496596,0.457814532081227
3.65,5.270966655437e-05,0.0791067032967033,0.257830452747253,0.0772591225910887,0.254170759923935
3.65,7.4760040896702e-05,0.0791067032967033,0.257830452747253,0.0747611333618663,0.24568099000697
3.65,5.61222410637164e-05,0.0791067032967033,0.257830452747253,0.0770612044050178,0.253202428426641
3.65,5.61631924480179e-05,0.0791067032967033,0.257830452747253,0.0770612044050178,0.253202428426641
3.65,3.8468819959219e-05,0.0791067032967033,0.257830452747253,0.0778624896904774,0.257937040702353
3.65,2.97948156112994e-05,0.0791067032967033,0.257830452747253,0.0784940740315868,0.267539210671835
3.65,4.75752775173561e-05,0.0791067032967033,0.257830452747253,0.0773424267758844,0.257382377422036
3.65,3.49176868462427e-05,0.0791067032967033,0.257830452747253,0.0791616885833892,0.260879620682234
3.65,2.77537070653267e-05,0.0791067032967033,0.257830452747253,0.084791419941323,0.271475337139512
3.65,1.9955431662213e-05,0.0791067032967033,0.257830452747253,0.0924893539926015,0.33812196137622
3.65,2.84195907434147e-05,0.0791067032967033,0.257830452747253,0.0802627810946971,0.271475337139512
3.65,1.55431202180054e-05,0.0791067032967033,0.257830452747253,0.094747718996952,0.38615588074583
3.65,6.55442543990754e-06,0.0791067032967033,0.257830452747253,0.0777906125810541,0.3168307944566
3.65,2.01022687011646e-05,0.0791067032967033,0.257830452747253,0.0860554242234515,0.334185834908543
3.65,3.892590043484e-06,0.0791067032967033,0.257830452747253,0.077831407742074,0.306847041726192
3.65,9.94230066527734e-06,0.0791067032967033,0.257830452747253,0.0865794285642872,0.379786538409739
3.65,9.8672345735917e-06,0.0791067032967033,0.257830452747253,0.0786661146027209,0.364347882180423
3.65,2.45114997291871e-06,0.0791067032967033,0.257830452747253,0.0778846082506083,0.306847041726192
3.65,4.39595292843758e-05,0.0791067032967033,0.257830452747253,0.0776361682219925,0.258287908440827
3.65,9.88569821091827e-05,0.0791067032967033,0.257830452747253,0.0722030800106126,0.235365327759493
3.879,7.59576695579372e-05,0.0839067032967033,0.261920952747253,0.0879931592953713,0.251800185438556
3.879,7.02929676374661e-05,0.0839067032967033,0.261920952747253,0.0865534405121999,0.255110002398594
3.879,4.41673913410365e-05,0.0839067032967033,0.261920952747253,0.0867480163951813,0.271151176912467
3.879,3.88302249302256e-05,0.0839067032967033,0.261920952747253,0.0892974619183003,0.272914715726676
3.879,4.23000973499063e-05,0.0839067032967033,0.261920952747253,0.0900289272642486,0.272113530913764
3.879,3.79341210975156e-05,0.0839067032967033,0.261920952747253,0.0856662828983094,0.272914715726676
3.879,3.02366780183146e-05,0.0839067032967033,0.261920952747253,0.0995603202449363,0.309971843732948
3.879,-2.29796778484201e-06,0.0839067032967033,0.261920952747253,0.0811490906067999,0.3254519071656
3.879,1.36989350072694e-05,0.0839067032967033,0.261920952747253,0.0965383249220744,0.342245880690278
3.879,0.000112019841998598,0.0839067032967033,0.261920952747253,0.0858364188937927,0.239079362577837
3.879,6.25867302512945e-05,0.0839067032967033,0.261920952747253,0.0889209650806917,0.258124585621301
3.879,1.52626623301379e-05,0.0839067032967033,0.261920952747253,0.0869016725811643,0.340380986152459
3.879,9.2738299679647e-07,0.0839067032967033,0.261920952747253,0.0810115045705558,0.3254519071656
3.879,1.11247303132741e-05,0.0839067032967033,0.261920952747253,0.0979626131383381,0.358628303717949
3.879,9.53375860046241e-06,0.0839067032967033,0.261920952747253,0.0817987127037055,0.353720535805164
4.187,6.14465278000907e-05,0.100071703296703,0.260760952747253,0.0975787803015418,0.30930019704462
4.187,5.70314423880015e-05,0.100071703296703,0.260760952747253,0.0945791192892839,0.295459234292136
4.187,4.66584748746479e-05,0.100071703296703,0.260760952747253,0.0963835693278621,0.295216924332716
4.187,3.85476753507579e-05,0.100071703296703,0.260760952747253,0.0938121266020435,0.351851680646028
4.187,3.74045327095435e-05,0.100071703296703,0.260760952747253,0.0961093976345287,0.358985648755473
4.187,3.91991822072498e-05,0.100071703296703,0.260760952747253,0.0949575620682793,0.342538246907576
4.187,1.77667703642038e-05,0.100071703296703,0.260760952747253,0.111711810305655,0.460377200328861
4.187,2.33037449338756e-05,0.100071703296703,0.260760952747253,0.103371189242326,0.465139961004072
4.187,2.04054559235749e-05,0.100071703296703,0.260760952747253,0.100407282351303,0.460377200328861
4.187,5.52124454840018e-05,0.100071703296703,0.260760952747253,0.0969649258095766,0.302100461077289
4.187,8.91051216360751e-05,0.100071703296703,0.260760952747253,0.0945498978552276,0.285134294815503
4.187,8.370193181431e-05,0.100071703296703,0.260760952747253,0.0993657725206682,0.287698506515222
4.187,8.66856176087567e-05,0.100071703296703,0.260760952747253,0.0956018572180592,0.285134294815503
4.193,7.13290531413253e-05,0.100071703296703,0.260760952747253,0.094763983538196,0.297699706568612
4.193,5.47102641990254e-05,0.100071703296703,0.260760952747253,0.0955220809352567,0.294199602756551
4.193,4.25170243783049e-05,0.100071703296703,0.260760952747253,0.0937157229058776,0.308995845062571
4.193,4.95059034026524e-05,0.100071703296703,0.260760952747253,0.0987143856976355,0.293384530756452
4.193,3.62485733039023e-05,0.100071703296703,0.260760952747253,0.0965271724646317,0.387743623901058
4.193,4.32063990352303e-05,0.100071703296703,0.260760952747253,0.0933450605487799,0.304749089063589
4.193,2.26643030852591e-05,0.100071703296703,0.260760952747253,0.0963736817633905,0.504018713107434
4.193,1.97294197572948e-05,0.100071703296703,0.260760952747253,0.103258351126409,0.520557470985025
4.193,1.173001863282e-05,0.100071703296703,0.260760952747253,0.109924833788398,0.741205281835075
4.193,1.86404160520088e-05,0.100071703296703,0.260760952747253,0.101150558477563,0.561192144723587
4.193,2.15978077727987e-05,0.100071703296703,0.260760952747253,0.0963736817633905,0.49558745869684
4.193,1.0612242603358e-05,0.100071703296703,0.260760952747253,0.113957595351858,0.734874438434698
4.193,-4.75876065341713e-07,0.100071703296703,0.260760952747253,0.0932391620149898,0.541768499555406
4.193,5.65959695998013e-06,0.100071703296703,0.260760952747253,0.0932408278304534,0.576373329412657
4.193,4.66852741907453e-06,0.100071703296703,0.260760952747253,0.0932408278304534,0.541768499555406
4.193,5.78723752767814e-05,0.100071703296703,0.260760952747253,0.0936405476186791,0.291208929517831
4.193,0.000102779175916278,0.100071703296703,0.260760952747253,0.0939776882243756,0.294360109879873
4.193,6.54572930658926e-05,0.100071703296703,0.260760952747253,0.0968340889474519,0.294792464266473
4.193,5.56925487320448e-05,0.100071703296703,0.260760952747253,0.0942314224810604,0.294199602756551
3.177,6328,0.01251,-0.002711,0.0238216479696936,0.165603243967975
3.177,3171,0.01273,-0.0005522,0.0239137173459094,0.166266826508875
3.177,398,0.01529,0.002326,0.0258768323466912,0.167165951564213
3.177,79,0.0182,0.002915,0.0284938531606613,0.167366540868074
3.177,0.01585,0.1321,0.04163,0.119903965322642,0.181997787305163
3.177,0.0006275,0.1956,0.2694,0.169289845326107,0.330168966645359
3.177,0.0003165,0.2244,0.5035,0.201006711520418,0.423828594462279
3.177,9.99e-05,0.2946,1.499,0.173309989798595,0.471123805479751
3.177,3.983e-05,0.4363,3.648,0.233220558581074,0.857039060068147
3.387,10080,0.01235,-0.004832,0.0236966443086763,0.164872598247054
3.387,998.3,0.01374,0.001638,0.0246825497132846,0.167008432400585
3.387,125.6,0.01773,0.003201,0.0276253384342708,0.167438167492142
3.387,6.317,0.02389,0.006672,0.0323481917618163,0.169160407298414
3.387,5.008,0.0248,0.007584,0.032759315031026,0.169525330055292
3.387,0.999,0.03792,0.01202,0.0423823504187942,0.169929778196326
3.387,0.1002,0.05091,0.006646,0.054812455730078,0.168723069834655
3.387,0.02512,0.0556,0.009137,0.0581221994033809,0.170202547802949
3.387,0.01585,0.05807,0.01128,0.0604545543378891,0.171340644462494
3.387,0.002512,0.07304,0.02767,0.0708513761080435,0.178273994977924
3.387,0.0001998,0.108,0.1836,0.10173604858671,0.231251791091195
3.65,1578,0.01263,0.0006026,0.0241769084711166,0.166636234224835
3.65,1266,0.01284,0.0009106,0.0243257458103262,0.166776823753062
3.65,505.5,0.01403,0.00182,0.0253508976882064,0.16699829199758
3.65,15.63,0.01941,0.001966,0.0297745824943396,0.166925585902132
3.65,6.317,0.02044,0.001409,0.0306763864011574,0.16676990963985
3.65,1.998,0.02109,0.0008939,0.0313891574860186,0.166661977859245
3.65,1.267,0.02125,0.000835,0.031255909516676,0.166672948376146
3.65,0.3167,0.02176,0.001152,0.0312954596586302,0.166871015815006
3.65,0.2003,0.022,0.001453,0.0315065545377171,0.167051691680693
3.65,0.003981,0.03274,0.013,0.0427592474661091,0.172207495142187
3.65,0.001585,0.03887,0.01955,0.0479317697955497,0.177215417894927
3.65,0.001259,0.04044,0.02188,0.050499807981511,0.180088727416279
3.65,0.001,0.04201,0.02472,0.0506109736248139,0.183510461746407
3.65,0.0003974,0.04873,0.0456,0.0556034890620412,0.188843440178349
3.65,3.162e-05,0.09979,0.4699,0.082265191041031,0.265216343024909
3.879,100.4,0.01726,0.002739,0.0276975089568998,0.167260109273829
3.879,50.22,0.01852,0.002763,0.0284453600299567,0.167263160568822
3.879,38.42,0.01899,0.00277,0.028998153794073,0.167257963263708
3.879,0.01259,0.0326,0.01293,0.0394483126375409,0.171968382733851
3.879,0.005012,0.04022,0.02085,0.0459761494054627,0.175317229507411
3.879,0.001995,0.0511,0.03073,0.0551450302400361,0.17854166023279
3.879,0.0003165,0.08003,0.08074,0.0787878198338104,0.203901012383915
3.879,1.259e-05,0.2073,1.362,0.116630790177497,0.350437092204114
4.187,8016,0.0122,-0.00366,0.0235124395390483,0.165075507343401
4.187,6328,0.01218,-0.002622,0.0235005623352859,0.165497014446246
4.187,2528,0.01259,8.407e-05,0.0237713174592565,0.166432008423974
4.187,1266,0.01331,0.001335,0.0243177477356971,0.166792989150208
4.187,505.5,0.01476,0.002472,0.0254127180641397,0.167112462969193
4.187,19.86,0.02119,0.003938,0.0302912554249445,0.168057733950947
4.187,9.931,0.02233,0.005517,0.031256973071084,0.168685633880316
4.187,0.03983,0.05205,0.00783,0.0553279052055084,0.169611954501507
4.187,0.01259,0.05721,0.01412,0.0588104775197994,0.172369314813104
4.187,0.005012,0.06489,0.02302,0.0642064593577958,0.176304192090692
4.187,0.001585,0.07758,0.04498,0.0738342136919124,0.187145180508536
4.187,0.0001259,0.1249,0.3743,0.100356471008501,0.27900288349632
4.187,3.983e-05,0.1494,1.128,0.0992501358367087,0.342538246907576
4.193,2528,0.01229,-0.0001913,0.0237196334418176,0.166425057129419
4.193,100.4,0.01686,0.002524,0.0277042291987888,0.167317210925437
4.193,19.86,0.01903,0.003528,0.029259780307608,0.16785833687493
4.193,3.159,0.02607,0.00976,0.0354148535810317,0.169501643114952
4.193,0.6334,0.03856,0.007416,0.0454611832490071,0.168541645088223
4.193,0.3167,0.04075,0.005491,0.0465368042710525,0.168154599432278
4.193,0.03163,0.04572,0.008047,0.0511041583229431,0.169783542357853
4.193,0.01,0.05149,0.01493,0.0568108571313832,0.173239317824049
4.193,0.00631,0.05495,0.01906,0.0588823890505499,0.176439459432989
4.193,0.003162,0.06067,0.02781,0.0644355034662331,0.179609249750006
4.193,0.0007943,0.07447,0.07299,0.0782813190505866,0.214138152307138
4.193,0.0006275,0.07762,0.08859,0.0808580654818394,0.227180203100635
4.193,0.0005037,0.08089,0.1068,0.0822491430182743,0.241293642374653
4.193,3.983e-05,0.1301,1.149,0.0981408994154618,0.354156923910036
3.177,8016,0.01253,-0.003743,0.0238200918582434,0.165171948472449
3.177,7.945,0.02202,0.005682,0.0316744811786543,0.168866056347068
3.177,0.0003974,0.2142,0.4079,0.184590559823709,0.412696015403659
3.387,50.22,0.01961,0.003385,0.0291049148730944,0.167550738049427
3.65,315.5,0.01476,0.002068,0.0260285222195272,0.167069106290133
3.879,5.008,0.02272,0.00211,0.0317583832141716,0.166992795625141
3.879,0.003981,0.04274,0.02308,0.0503318986895168,0.176670711220448
3.879,1.585e-05,0.1887,1.088,0.117223774006809,0.345288754065244
4.187,9.99e-05,0.1263,0.4641,0.09494460363548,0.285134294815503
4.193,0.2003,0.04166,0.004905,0.0471927379760844,0.168101361407179
3.177,5.82640528678486e-05,0.164776703296703,0.288850952747253,0.148865978395688,0.416060326578145
3.177,3.96887640872784e-05,0.164776703296703,0.288850952747253,0.233220558581074,0.857039060068147
3.177,1.42447075915802e-05,0.164776703296703,0.288850952747253,0.434681775893345,2.0410952678005
3.177,8.40738382049703e-06,0.164776703296703,0.288850952747253,0.436516666437199,1.9325451760997
3.879,4.7892524812505e-05,0.0839067032967033,0.261920952747253,0.0964878957679521,0.268407821181086
3.879,2.43048470715154e-05,0.0839067032967033,0.261920952747253,0.125269144187425,0.337421439751096
3.879,4.34988589716219e-05,0.0839067032967033,0.261920952747253,0.0872611675503139,0.272113530913764
3.879,6.79830883199094e-05,0.0839067032967033,0.261920952747253,0.0865534405121999,0.256357024609172
3.879,2.06417224761417e-05,0.0839067032967033,0.261920952747253,0.104061891051335,0.352738066901614
4.187,2.68676452510377e-05,0.100071703296703,0.260760952747253,0.133086200355322,0.489305547618124
4.193,3.883865728176e-05,0.100071703296703,0.260760952747253,0.0934196023948284,0.354156923910036
